OID,NCOORDS,LENGTH,MID,NCO.,LEN,MEAN DIST,MIN DIST,MAX DIST
58,92,90.9998,2136,81,9.84649,1.68573,0.300945,3.04633
58,92,90.9998,1060,66,14.3303,2.01116,0.429367,4.04648
58,92,90.9998,94,73,13.6952,2.89738,0.139249,5.96431
58,92,90.9998,1145,54,18.0749,13.1352,10.329,15.3156
58,92,90.9998,2137,52,14.6109,13.3807,11.186,15.5866
58,92,90.9998,1143,21,9.32897,17.2835,16.0074,19.5877
58,92,90.9998,1146,121,63.7382,17.6728,4.55641,45.0168
58,92,90.9998,2138,75,29.8641,31.4131,27.835,36.0299
58,92,90.9998,1106,98,60.0364,31.4884,26.0621,44.5459
58,92,90.9998,1144,89,15.8686,33.1672,29.6544,38.783
58,92,90.9998,1175,111,102.692,36.2525,19.0072,70.5612
58,92,90.9998,2127,76,23.9387,42.5303,33.0964,47.9073
58,92,90.9998,95,88,5.28059,42.551,37.2187,45.6129
58,92,90.9998,1061,51,3.67328,43.9563,42.3297,46.4587
58,92,90.9998,1097,110,46.8238,46.2252,41.2764,56.5618
58,92,90.9998,2149,18,7.05124,51.9818,51.6164,52.5783
58,92,90.9998,1062,70,10.5877,55.0366,50.8117,58.8122
58,92,90.9998,2128,92,7.12666,63.1179,61.3377,65.4344
58,92,90.9998,1086,198,226.732,65.0768,21.5698,109.516
58,92,90.9998,52,123,66.108,69.1097,66.797,77.2209
58,92,90.9998,1098,76,13.0606,71.6735,68.803,76.053
58,92,90.9998,1063,64,21.7948,81.2923,77.1391,89.6071
58,92,90.9998,2089,76,49.4841,83.0992,75.7756,97.451
58,92,90.9998,2125,72,73.2536,83.1605,48.7661,117.493
58,92,90.9998,1179,101,43.0661,84.945,80.4822,88.8704
58,92,90.9998,1141,106,93.5326,85.9843,42.0466,130.39
58,92,90.9998,1126,29,31.9196,86.8905,80.2401,95.8984
58,92,90.9998,2090,99,52.0962,87.1801,84.8016,91.6918
58,92,90.9998,1176,99,25.3212,88.9487,86.4209,94.4181
58,92,90.9998,1173,30,40.2177,90.1853,84.9726,95.009
58,92,90.9998,51,58,62.6702,94.361,77.2154,117.382
58,92,90.9998,96,90,106.646,94.3789,50.4128,138.31
58,92,90.9998,2129,78,90.6588,95.7441,71.7281,126.2
58,92,90.9998,1142,80,102.729,96.9159,65.6041,130.582
58,92,90.9998,1178,125,72.2944,100.391,94.8303,107.938
58,92,90.9998,2135,43,58.3391,101.083,85.0945,115.8
58,92,90.9998,92,99,136.896,101.689,63.4406,142.979
58,92,90.9998,1174,44,59.822,104.889,92.9211,115.574
58,92,90.9998,1240,136,147.273,106.974,65.5398,149.783
58,92,90.9998,2130,51,9.86581,107.408,105.347,110.599
58,92,90.9998,2150,37,14.5285,107.827,106.643,109.993
58,92,90.9998,1064,105,34.1775,109.22,104.853,112.894
58,92,90.9998,53,123,38.6453,109.757,106.935,115.397
58,92,90.9998,1105,57,23.973,110.434,107.752,116.319
58,92,90.9998,1165,51,46.9627,113.788,90.5917,138.359
58,92,90.9998,2134,36,48.3909,117.491,106.46,127.476
58,92,90.9998,1116,55,24.1691,120.784,117.455,129.69
58,92,90.9998,93,113,156.259,122.623,81.6015,165.262
58,92,90.9998,2126,50,43.9002,123.67,100.034,146.329
58,92,90.9998,1065,89,44.4133,127.34,122.024,133.295
58,92,90.9998,1125,36,44.0454,133.305,120.924,147.902
58,92,90.9998,2081,192,227.737,135.139,95.0205,176.715
58,92,90.9998,2080,67,75.9974,135.644,109.788,165.117
58,92,90.9998,1180,85,34.0216,137.649,129.145,151.384
58,92,90.9998,1184,194,237.294,140.664,97.7645,184.366
58,92,90.9998,2100,255,270.745,149.782,105.094,194.566
58,92,90.9998,2088,53,2.44172,150.566,147.97,157.016
58,92,90.9998,14,198,247.836,151.25,112.085,191.949
58,92,90.9998,54,118,35.3889,153.256,147.817,157.771
58,92,90.9998,2146,29,16.82,153.848,153.21,155.007
58,92,90.9998,91,70,30.0165,153.86,150.301,160.67
58,92,90.9998,1048,124,71.9647,154.765,142.536,168.721
58,92,90.9998,2147,26,35.8943,156.285,151.742,160.128
58,92,90.9998,2148,37,29.0569,156.288,155.752,156.987
58,92,90.9998,1150,72,20.6622,159.494,156.566,162.817
58,92,90.9998,1066,73,60.5357,160.558,157.601,163.815
58,92,90.9998,55,129,65.5153,163.002,155.932,169.823
58,92,90.9998,2054,84,78.8652,163.151,158.703,168.916
58,92,90.9998,1124,35,28.6429,166.054,157.287,177.512
58,92,90.9998,1247,93,92.1698,166.266,122.111,210.526
58,92,90.9998,2079,54,46.4091,167.739,151.759,188.382
58,92,90.9998,1183,71,37.8459,172.246,139.14,204.997
58,92,90.9998,58,117,128.874,172.996,166.86,181.123
58,92,90.9998,16,182,209.15,173.224,128.472,218.047
58,92,90.9998,1056,200,220.842,173.76,128.97,218.513
58,92,90.9998,50,73,81.7664,175.088,151.156,203.315
58,92,90.9998,90,110,35.4842,180.32,174.261,189.073
58,92,90.9998,1055,218,251.357,180.899,136.258,225.656
58,92,90.9998,57,99,109.549,182.8,175.269,193.168
58,92,90.9998,2131,48,65.7943,183.056,178.229,193.437
58,92,90.9998,1149,79,15.8805,184.695,181.638,187.536
58,92,90.9998,56,38,48.4782,187.218,184.027,194.197
58,92,90.9998,2144,91,12.2222,188.675,184.637,192.52
58,92,90.9998,1248,64,76.0087,190.937,184.703,203.018
58,92,90.9998,89,142,52.0758,191.429,184.634,201.501
58,92,90.9998,1102,109,31.6882,192.886,186.531,201.472
58,92,90.9998,1139,50,66.1191,193.874,188.021,205.492
58,92,90.9998,2168,24,19.0798,196.866,185.412,208.212
58,92,90.9998,2145,70,22.0248,200.001,197.133,203.843
58,92,90.9998,1177,19,18.5597,200.124,198.079,202.111
58,92,90.9998,142,155,181.434,200.873,162.017,240.85
58,92,90.9998,2091,78,85.9869,204.429,201.606,206.823
58,92,90.9998,1101,162,89.9614,205.029,198.682,214.607
58,92,90.9998,1059,127,138.36,205.893,200.79,211.586
58,92,90.9998,2092,119,130.542,206.282,201.324,211.682
58,92,90.9998,1127,72,66.1774,209.041,190.216,232.797
58,92,90.9998,2169,66,90.6669,210.704,184.616,235.847
58,92,90.9998,2057,155,78.7043,211.164,205.199,219.873
58,92,90.9998,1138,49,42.855,211.779,198.791,229.174
58,92,90.9998,1050,126,155.574,213.907,175.414,253.492
58,92,90.9998,17,146,173.141,214.801,169.859,259.695
58,92,90.9998,1107,66,71.0678,215.654,213.822,217.284
58,92,90.9998,2112,21,18.9613,216.346,206.886,225.544
58,92,90.9998,88,138,63.0101,217.28,211.569,225.387
58,92,90.9998,1140,39,40.6222,218.602,214.094,226.944
58,92,90.9998,2139,27,31.1545,218.607,218.103,219.524
58,92,90.9998,2093,82,83.5901,218.681,197.005,244.418
58,92,90.9998,1052,109,112.732,219.764,180.6,259.856
58,92,90.9998,1148,73,60.5769,222.635,217.989,232.627
58,92,90.9998,1054,175,214.563,226.533,181.767,271.369
58,92,90.9998,1041,191,193.596,227.202,206.795,251.142
58,92,90.9998,1096,72,89.3187,229.018,204.208,257.444
58,92,90.9998,1113,131,171.257,234.83,211.743,262.574
58,92,90.9998,143,82,76.1914,235.02,201.552,270.342
58,92,90.9998,1164,40,25.1564,235.676,216.544,254.114
58,92,90.9998,1157,82,111.37,236.47,204.844,269.102
58,92,90.9998,2029,113,120.839,240.094,200.721,280.242
58,92,90.9998,1051,91,98.4304,241.116,202.215,280.852
58,92,90.9998,15,98,112.255,242.53,202.254,283.423
58,92,90.9998,2095,50,65.8503,242.648,240.638,247.519
58,92,90.9998,7,124,126.188,243.221,222.493,267.163
58,92,90.9998,112,111,145.216,243.675,217.17,274.185
58,92,90.9998,2073,136,173.154,244.79,199.874,289.651
58,92,90.9998,1222,102,100.403,245.395,240.637,250.029
58,92,90.9998,114,112,156.28,247.003,213.047,283.587
58,92,90.9998,2052,171,165.556,250.125,229.831,273.561
58,92,90.9998,2140,16,16.3319,253.266,253.093,253.566
58,92,90.9998,1040,192,124.824,254.253,244.188,267.07
58,92,90.9998,2094,158,89.4101,254.26,244.764,266.334
58,92,90.9998,1147,89,73.8155,254.434,248.194,263.837
58,92,90.9998,113,154,214.338,254.686,218.478,293.023
58,92,90.9998,8,162,63.6186,258.013,250.599,267.089
58,92,90.9998,1095,93,92.1515,258.827,235.266,285.089
58,92,90.9998,6,141,159.415,259.067,234.644,286.101
58,92,90.9998,18,136,178.728,259.83,214.892,304.718
58,92,90.9998,2096,76,12.236,260.891,255.88,268.71
58,92,90.9998,2055,168,235.002,264.465,228.183,302.812
58,92,90.9998,1058,117,138.496,266.321,221.631,311.111
58,92,90.9998,1114,100,129.695,268.729,250.53,291.763
58,92,90.9998,1182,88,100.607,268.744,255.894,285.857
58,92,90.9998,1151,42,53.7683,271.185,260.01,279.964
58,92,90.9998,1112,153,205.51,271.728,236.087,309.526
58,92,90.9998,2056,54,70.8811,271.789,258.389,282.537
58,92,90.9998,2167,40,34.5096,273.846,256.066,290.301
58,92,90.9998,10,235,140.145,274.262,266.678,283.29
58,92,90.9998,1053,142,183.664,275.498,230.606,320.329
58,92,90.9998,1241,1359,1096.17,276.318,248.49,305.089
58,92,90.9998,2119,40,41.2498,277.12,258.754,294.35
58,92,90.9998,1042,292,163.155,278.865,274.419,283.053
58,92,90.9998,1094,105,119.036,280.26,254.09,308.61
58,92,90.9998,98,122,107.006,280.516,272.341,294.233
58,92,90.9998,111,169,170.692,281.417,264.171,303.44
58,92,90.9998,2048,135,128.262,281.417,273.055,295.298
58,92,90.9998,1158,60,53.0877,281.573,253.83,308.189
58,92,90.9998,1104,94,82.4901,282.085,273.019,296.614
58,92,90.9998,2082,166,72.1197,282.538,277.683,286.672
58,92,90.9998,2072,164,222.649,284.978,240.128,329.762
58,92,90.9998,1191,105,108.942,288.04,244.516,331.993
58,92,90.9998,115,161,222.705,289.307,252.151,328.255
58,92,90.9998,1047,160,55.0992,292.676,289.083,295.785
58,92,90.9998,1181,72,55.5074,294.605,289.912,299.19
58,92,90.9998,1220,45,59.9249,300.335,284.996,313.199
58,92,90.9998,2143,70,63.9481,303.514,298.177,308.201
58,92,90.9998,1221,53,74.4605,308.977,291.011,324.387
58,92,90.9998,2120,46,29.2149,309.152,287.08,330.376
58,92,90.9998,2085,66,44.1174,309.302,299.739,324.267
58,92,90.9998,1111,34,47.5366,311.208,298.504,322.575
58,92,90.9998,2152,61,49.1335,312.457,311.262,313.816
58,92,90.9998,2153,64,88.1884,312.542,289.357,334.102
58,92,90.9998,1219,43,53.9428,312.827,294.95,328.823
58,92,90.9998,1046,164,43.7968,313.446,309.864,316.514
58,92,90.9998,2087,62,2.44853,316.655,315.245,318.226
58,92,90.9998,1077,66,11.9382,316.934,285.917,347.215
58,92,90.9998,2122,62,23.9535,318.291,289.212,346.439
58,92,90.9998,1115,104,71.5555,318.739,314.196,323.974
58,92,90.9998,101,120,98.5303,319.175,315.948,327.652
58,92,90.9998,1118,111,96.8967,319.619,310.556,333.66
58,92,90.9998,2121,19,2.35769,320.258,311.307,329.127
58,92,90.9998,12,79,24.6428,320.303,317.805,322.541
58,92,90.9998,1076,67,4.84873,320.752,289.476,351.284
58,92,90.9998,1117,90,77.9738,321.151,315.898,331.015
58,92,90.9998,145,60,78.8317,321.591,299.313,341.875
58,92,90.9998,2151,82,34.0637,321.725,318.45,325.414
58,92,90.9998,85,81,24.4132,321.789,283.697,359.875
58,92,90.9998,99,109,90.325,323.412,315.548,336.275
58,92,90.9998,9,64,35.3297,324.042,315.043,338.456
58,92,90.9998,1078,89,35.1316,324.428,282.109,367.009
58,92,90.9998,1057,119,160.253,325.518,280.892,370.067
58,92,90.9998,1044,73,19.4548,325.631,323.013,328.317
58,92,90.9998,2084,68,39.2332,326.394,317.281,340.703
58,92,90.9998,105,1282,1112.82,326.524,296.898,357.051
58,92,90.9998,2097,109,147.938,327.068,282.655,371.412
58,92,90.9998,11,65,27.0622,327.924,322.703,337.686
58,92,90.9998,2116,66,63.3957,328.309,299.414,356.075
58,92,90.9998,2086,57,12.2251,328.34,325.914,333.449
58,92,90.9998,1079,80,34.8962,330.349,291.958,368.692
58,92,90.9998,2115,61,14.6873,330.491,302.656,357.101
58,92,90.9998,1039,117,152.972,330.828,300.536,362.475
58,92,90.9998,2123,30,2.40572,331.595,317.619,345.048
58,92,90.9998,2053,65,24.4577,332.9,331.606,334.482
58,92,90.9998,1038,132,173.809,333.58,300.332,367.884
58,92,90.9998,1045,70,15.6727,333.906,332.314,335.632
58,92,90.9998,19,95,128.644,334.235,289.947,378.456
58,92,90.9998,1075,61,18.2134,337.234,309.183,364.115
58,92,90.9998,1083,72,8.51268,339.684,307.269,371.486
58,92,90.9998,1081,41,53.8748,341.213,321.497,361.012
58,92,90.9998,87,114,48.8665,341.237,300.902,382.635
58,92,90.9998,1082,79,41.3658,341.822,307.399,376.2
58,92,90.9998,84,150,43.8069,344.452,302.059,387.499
58,92,90.9998,1122,60,32.4473,344.65,342.542,348.401
58,92,90.9998,2141,63,28.9308,345.643,343.28,350.345
58,92,90.9998,2051,60,49.0193,345.661,333.054,363.228
58,92,90.9998,5,54,48.831,347.348,335.923,363.604
58,92,90.9998,103,78,24.7362,348.229,344.733,353.139
58,92,90.9998,44,74,98.2631,349.105,313.177,384.965
58,92,90.9998,2124,49,14.8238,350.151,327.882,370.803
58,92,90.9998,2099,83,110.673,351.138,310.634,391.725
58,92,90.9998,2098,86,118.067,352.713,311.268,394.315
58,92,90.9998,13,82,98.3743,353.118,327.47,381.242
58,92,90.9998,1032,101,138.216,358.783,314.412,403.074
58,92,90.9998,2108,44,51.0744,360.337,339.151,380.808
58,92,90.9998,1121,101,54.0037,361.622,356.587,367.798
58,92,90.9998,86,81,24.8195,362.68,326.195,399.205
58,92,90.9998,2142,13,4.59447,363.202,363.099,363.395
58,92,90.9998,2165,46,58.4341,363.95,346.229,379.311
58,92,90.9998,20,70,98.1493,364.105,330.812,398.203
58,92,90.9998,2154,44,60.8028,364.863,351.657,375.375
58,92,90.9998,104,73,32.863,366.662,363.643,371.674
58,92,90.9998,2170,199,158.745,367.579,364.338,371.124
58,92,90.9998,2118,29,38.4457,368.172,354.241,382.073
58,92,90.9998,1080,23,30.4882,371.562,360.722,382.515
58,92,90.9998,144,54,62.3892,372.234,351.782,390.269
58,92,90.9998,1155,82,112.525,372.59,347.988,398.191
58,92,90.9998,2077,84,113.116,374.259,346.009,404.447
58,92,90.9998,1203,101,70.4517,376.557,368.499,389.083
58,92,90.9998,2076,50,60.9725,379.033,365.768,396.384
58,92,90.9998,1152,93,112.536,380.022,343.94,417.263
58,92,90.9998,1172,131,183.476,380.822,343.674,418.465
58,92,90.9998,1156,51,51.6708,383.841,372.973,391.483
58,92,90.9998,2166,85,100.954,384.259,350.727,418.167
58,92,90.9998,2172,64,71.0895,384.427,371.177,395.529
58,92,90.9998,1123,95,87.4008,384.836,379.964,394.233
58,92,90.9998,1033,46,63.4661,386.843,365.243,409.113
58,92,90.9998,1246,97,135.723,387.405,352.467,423.009
58,92,90.9998,2007,141,195.223,399.734,362.055,437.811
58,92,90.9998,2069,108,140.492,401.027,359.829,442.33
58,92,90.9998,2078,43,58.3391,402.119,389.368,417.963
58,92,90.9998,1030,126,173.727,406.908,370.017,444.242
58,92,90.9998,21,83,111.992,407.439,367.678,447.52
58,92,90.9998,1120,95,42.4948,408.872,404.519,413.744
58,92,90.9998,2050,105,51.64,409.859,405.349,415.021
58,92,90.9998,1031,104,145.54,411.248,371.01,451.652
58,92,90.9998,1153,75,75.0502,411.423,383.607,438.727
58,92,90.9998,45,112,156.28,412.586,372.457,452.885
58,92,90.9998,2071,103,142.954,413.668,373.955,453.584
58,92,90.9998,1217,68,56.207,414.424,385.638,442.034
58,92,90.9998,2105,42,55.8766,416.218,396.649,434.601
58,92,90.9998,102,70,51.8959,416.979,411.555,421.081
58,92,90.9998,116,108,126.008,420.047,387.701,454.507
58,92,90.9998,2190,91,93.1475,420.853,387.182,456.13
58,92,90.9998,2160,62,78.255,423.387,404.383,440.091
58,92,90.9998,1029,75,103.907,424.916,390.404,460.494
58,92,90.9998,2158,35,43.5162,427.303,413.885,439.264
58,92,90.9998,2159,39,46.0724,428.315,414.533,440.105
58,92,90.9998,2074,85,115.605,428.495,387.573,469.607
58,92,90.9998,1192,148,74.1745,429.463,424.871,434.776
58,92,90.9998,4,83,114.759,430.189,398.462,463.382
58,92,90.9998,1034,84,114.974,430.993,391.026,471.279
58,92,90.9998,2027,95,130.542,431.566,388.888,474.19
58,92,90.9998,1035,68,93.0565,432.142,400.025,465.192
58,92,90.9998,24,72,100.926,434.79,400.086,470.005
58,92,90.9998,1084,51,13.0176,438.632,413.954,463.248
58,92,90.9998,2107,60,83.2047,439.301,411.25,466.249
58,92,90.9998,1154,109,99.3199,442.102,415.526,471.371
58,92,90.9998,22,96,131.412,443.116,400.307,485.626
58,92,90.9998,117,80,90.1519,444.524,416.297,472.94
58,92,90.9998,25,71,79.1229,445.139,411.482,479.632
58,92,90.9998,2171,34,7.24643,445.433,439.616,449.361
58,92,90.9998,2028,91,123.098,445.49,404.277,486.606
58,92,90.9998,2075,96,108.442,446.524,402.733,490.22
58,92,90.9998,2173,140,69.0358,448.339,445.72,453.35
58,92,90.9998,1242,101,60.5447,448.36,443.878,453.474
58,92,90.9998,1028,107,143.147,449.349,407.445,491.196
58,92,90.9998,1036,88,100.737,453.546,411.58,495.601
58,92,90.9998,1171,86,111.495,456.431,417.9,495.453
58,92,90.9998,1072,126,39.7939,462.729,418.764,506.979
58,92,90.9998,2101,117,47.02,465.394,421.333,509.719
58,92,90.9998,72,142,57.9189,466.684,422.81,510.861
58,92,90.9998,26,138,178.728,468.429,426.827,509.618
58,92,90.9998,1202,107,106.636,469.049,435.21,504.697
58,92,90.9998,2188,89,105.769,470.924,440.054,503.384
58,92,90.9998,1193,82,30.4358,472.617,468.88,477.854
58,92,90.9998,106,67,16.2274,473.355,469.463,475.15
58,92,90.9998,2114,31,9.63357,474.509,459.83,488.73
58,92,90.9998,1093,77,35.2788,475.902,440.619,510.865
58,92,90.9998,1027,86,112.525,476.121,440.004,512.962
58,92,90.9998,2117,96,74.0914,476.6,431.768,521.496
58,92,90.9998,75,61,43.6513,478.447,448.921,507.587
58,92,90.9998,1136,113,133.42,478.612,439.044,518.288
58,92,90.9998,70,154,66.3846,479.671,434.808,524.574
58,92,90.9998,118,57,78.7871,480.285,460.069,497.922
58,92,90.9998,1071,94,30.1572,481.075,437.887,524.701
58,92,90.9998,73,116,38.4332,481.633,438.496,525.218
58,92,90.9998,1200,114,132.442,481.659,448.007,516.52
58,92,90.9998,1073,132,78.8373,482.632,437.767,527.536
58,92,90.9998,27,100,120.553,483.499,442.958,524.082
58,92,90.9998,2104,111,34.5795,483.537,440.37,527.145
58,92,90.9998,2111,170,220.221,486.526,446.135,526.396
58,92,90.9998,2189,156,207.616,487.135,453.292,522.749
58,92,90.9998,1159,52,62.3926,490.367,470.282,507.72
58,92,90.9998,74,104,19.3622,490.492,447.739,533.76
58,92,90.9998,1074,134,68.9353,490.61,445.706,535.534
58,92,90.9998,1137,52,58.8891,492.052,471.702,515.008
58,92,90.9998,107,155,30.1748,492.083,488.591,495.414
58,92,90.9998,1201,88,110.305,492.3,459.624,526.159
58,92,90.9998,2161,72,81.4152,492.48,465.685,518.228
58,92,90.9998,1092,71,11.9994,493.189,460.233,525.499
58,92,90.9998,1026,50,60.1034,494.357,476.579,515.023
58,92,90.9998,119,74,77.0715,495.388,467.951,522.033
58,92,90.9998,2025,61,75.9045,497.388,474.161,523.498
58,92,90.9998,2156,48,50.8934,498.587,484.372,509.701
58,92,90.9998,1166,217,260.934,501.324,462.189,539.976
58,92,90.9998,46,59,73.4973,501.617,479.182,526.807
58,92,90.9998,2103,118,83.7635,502.076,457.226,546.972
58,92,90.9998,29,141,175.759,505.889,466.925,544.852
58,92,90.9998,2110,127,160.486,507.469,467.784,547.151
58,92,90.9998,2182,95,22.2244,511.107,507.023,518.927
58,92,90.9998,71,116,79.6879,511.808,466.989,556.687
58,92,90.9998,1194,212,23.0972,515.362,511.568,521.884
58,92,90.9998,2163,65,85.7635,522.411,497.57,545.436
58,92,90.9998,2102,107,83.9927,526.535,481.625,571.462
58,92,90.9998,2155,43,16.7985,528.278,516.532,537.15
58,92,90.9998,2001,157,200.338,532.32,492.928,571.276
58,92,90.9998,1000,136,167.805,532.717,493.328,572.156
58,92,90.9998,78,126,57.3322,532.771,493.248,573.283
58,92,90.9998,2039,137,62.0704,533.736,493.771,574.628
58,92,90.9998,1160,138,99.1786,533.913,498.234,571.07
58,92,90.9998,30,129,159.185,534.057,494.413,573.735
58,92,90.9998,79,75,13.7627,536.049,502.118,569.468
58,92,90.9998,2040,118,59.2991,536.472,495.842,577.934
58,92,90.9998,1189,97,24.1824,537.725,495.906,580.196
58,92,90.9998,2041,125,54.3494,538.1,497.018,579.946
58,92,90.9998,1070,103,52.2959,538.391,497.594,579.994
58,92,90.9998,1195,94,13.1014,540.171,536.054,547.889
58,92,90.9998,110,69,46.3309,540.186,534.024,544.435
58,92,90.9998,2162,88,31.5232,540.893,506.154,576.559
58,92,90.9998,1223,60,69.8273,541.458,518.148,567.476
58,92,90.9998,2179,43,34.0312,543.364,539.314,544.829
58,92,90.9998,2026,40,46.1027,544.313,529.948,560.798
58,92,90.9998,1235,121,26.6609,547.176,524.085,572.921
58,92,90.9998,1069,96,41.5489,547.409,507.805,587.982
58,92,90.9998,76,112,32.3122,547.588,506.589,589.359
58,92,90.9998,1001,194,230.231,548,509.24,586.395
58,92,90.9998,140,70,87.0943,549.393,522.23,574.779
58,92,90.9998,1234,74,89.5429,549.671,521.06,577.251
58,92,90.9998,2002,186,227.842,549.807,510.392,589.25
58,92,90.9998,1167,119,135.843,550.692,507.361,593.897
58,92,90.9998,77,114,49.1536,551.082,510.475,592.515
58,92,90.9998,109,59,35.0999,551.994,545.019,555.673
58,92,90.9998,2175,49,29.2546,552.48,546.451,554.842
58,92,90.9998,80,106,10.8048,553.442,515.947,592.172
58,92,90.9998,31,158,186.919,553.453,515.179,591.757
58,92,90.9998,1188,133,60.7258,554.752,513.604,596.645
58,92,90.9998,1196,158,33.6984,555.745,546.211,568.657
58,92,90.9998,1004,81,99.1635,562.07,525.997,599
58,92,90.9998,2038,177,76.8032,563.556,521.724,606.028
58,92,90.9998,1003,214,259.579,563.825,525.383,602.325
58,92,90.9998,1199,109,47.7527,565.899,553.191,581.82
58,92,90.9998,2174,90,44.4715,568.008,555.788,583.002
58,92,90.9998,2045,121,44.7961,568.402,533.225,605.049
58,92,90.9998,2003,170,215.224,571.774,531.137,611.989
58,92,90.9998,1162,72,3.63378,572.626,543.598,600.614
58,92,90.9998,1002,175,219.161,573.392,533.435,613.071
58,92,90.9998,32,138,167.41,575.071,536.443,613.735
58,92,90.9998,1161,83,26.9374,576.996,545.926,608.406
58,92,90.9998,108,167,44.2125,580.077,569.378,593.762
58,92,90.9998,66,129,142.611,580.957,537.258,624.518
58,92,90.9998,1224,171,214.29,581.078,540.644,621.278
58,92,90.9998,81,300,93.039,581.396,546.853,617.482
58,92,90.9998,1128,76,95.4693,582.691,550.138,616.13
58,92,90.9998,2044,93,54.5665,585.16,550.437,621.402
58,92,90.9998,2049,80,17.0774,587.127,584.7,589.934
58,92,90.9998,2181,21,11.8508,587.429,581.017,593.239
58,92,90.9998,2209,48,21.3611,587.712,570.424,602.203
58,92,90.9998,1198,101,52.4306,588.043,575.617,603.619
58,92,90.9998,1190,117,77.6919,588.416,544.26,632.806
58,92,90.9998,1216,137,12.0694,589.97,556.305,625.26
58,92,90.9998,1119,72,3.57125,592.507,590.774,594.802
58,92,90.9998,2109,92,93.74,594.954,550.606,639.17
58,92,90.9998,1131,85,89.5581,595.307,554.373,636.408
58,92,90.9998,1225,114,140.909,595.835,556.388,635.262
58,92,90.9998,47,77,92.898,596.648,564.596,630.213
58,92,90.9998,121,154,26.9688,599.037,565.021,634.628
58,92,90.9998,1205,132,84.0014,600.583,587.666,616.589
58,92,90.9998,1197,83,23.009,605.321,602.765,608.968
58,92,90.9998,2208,153,27.3754,605.543,572.515,640.238
58,92,90.9998,1006,77,91.848,607.297,574.082,641.836
58,92,90.9998,120,137,8.22332,611.959,578.979,646.602
58,92,90.9998,2164,79,14.6002,612.793,610.313,615.455
58,92,90.9998,34,77,92.8714,613.056,579.43,647.934
58,92,90.9998,2006,110,133.094,613.413,573.992,652.516
58,92,90.9998,1130,114,114.248,614.39,569.484,659.229
58,92,90.9998,2187,77,50.84,615.064,589.667,639.929
58,92,90.9998,2005,78,98.2528,617.009,583.468,651.709
58,92,90.9998,2207,56,2.44423,617.596,601.089,630.992
58,92,90.9998,1215,169,30.1885,618.575,585.15,653.611
58,92,90.9998,1007,85,110.112,621.613,584.649,659.149
58,92,90.9998,1204,64,52.6504,623.984,615.003,630.158
58,92,90.9998,1163,90,70.2005,624.645,581.149,668.271
58,92,90.9998,1168,45,39.3449,627.804,608.356,648.797
58,92,90.9998,1210,196,188.421,629.15,602.182,658.283
58,92,90.9998,2043,135,29.7456,636.648,598.535,675.853
58,92,90.9998,1129,74,97.9542,640.707,608.929,674.038
58,92,90.9998,2195,39,53.3469,641.515,629.535,651.194
58,92,90.9998,2197,31,33.7175,641.96,632.563,649.924
58,92,90.9998,2184,74,63.4948,642.123,621.337,661.832
58,92,90.9998,2191,125,14.4876,642.687,610.877,676.23
58,92,90.9998,2132,78,68.563,643.755,605.738,681.862
58,92,90.9998,1209,127,137.159,644.281,617.791,672.946
58,92,90.9998,134,117,10.8665,645.741,613.666,679.521
58,92,90.9998,2004,86,110.706,646.716,606.429,687.224
58,92,90.9998,0,70,90.0495,647.225,614.437,681.013
58,92,90.9998,1185,108,10.9291,647.705,615.299,681.782
58,92,90.9998,1005,89,111.483,648.889,607.129,690.667
58,92,90.9998,60,62,35.32,649.365,619.255,679.421
58,92,90.9998,1089,125,33.9871,649.993,611.441,689.577
58,92,90.9998,59,76,73.614,650.21,613.183,687.318
58,92,90.9998,1090,58,32.4671,652.185,625.468,677.503
58,92,90.9998,2133,38,29.0782,652.817,634.501,671.126
58,92,90.9998,2194,49,56.0713,655.005,640.45,666.311
58,92,90.9998,1208,113,122.443,656.866,631.15,684.79
58,92,90.9998,1213,194,32.6274,657.221,626.912,689.376
58,92,90.9998,1255,186,41.4112,658.176,627.085,691.044
58,92,90.9998,123,48,56.9011,658.707,644.281,669.928
58,92,90.9998,68,70,38.2758,659.501,627.413,690.76
58,92,90.9998,2009,118,135.929,668.664,629.974,707.296
58,92,90.9998,2206,73,17.0378,669.952,644.747,693.982
58,92,90.9998,1206,90,93.1285,670.887,647.093,696.609
58,92,90.9998,122,75,76.9877,671.777,651.631,690.971
58,92,90.9998,1008,98,115.216,672.42,632.964,711.363
58,92,90.9998,1233,96,19.3027,672.82,633.26,713.279
58,92,90.9998,35,87,106.665,674.174,636.988,711.344
58,92,90.9998,2205,59,63.5013,675.069,659.919,687.096
58,92,90.9998,1207,58,62.5571,677.944,663.048,689.636
58,92,90.9998,1214,131,20.4071,680.789,651.022,712.414
58,92,90.9998,2008,150,187.935,683.723,639.697,727.593
58,92,90.9998,1020,118,155.421,683.844,640.142,727.383
58,92,90.9998,36,164,165.1,690.556,651.914,729.125
58,92,90.9998,136,153,27.4009,690.61,659.51,723.445
58,92,90.9998,1019,63,18.0764,691.216,662.251,721.501
58,92,90.9998,1,96,128.754,691.37,647.447,735.133
58,92,90.9998,2010,179,183.148,691.737,653.373,730.037
58,92,90.9998,1009,181,181.594,692.086,653.539,730.434
58,92,90.9998,2062,43,31.6004,694.153,673.474,714.922
58,92,90.9998,1091,64,45.8027,695.711,666.168,724.139
58,92,90.9998,1135,33,27.4272,697.82,682.096,713.733
58,92,90.9998,48,73,13.4844,698.108,664.42,732.861
58,92,90.9998,2192,95,120.76,698.368,670.017,728.664
58,92,90.9998,2200,104,29.4493,699.04,668.773,731.1
58,92,90.9998,61,61,48.7826,700.184,670.627,729.925
58,92,90.9998,2017,90,12.3604,700.558,658.854,742.219
58,92,90.9998,125,93,123.046,703.728,674.358,734.957
58,92,90.9998,2186,53,63.5041,704.602,689.456,716.41
58,92,90.9998,1018,269,170.58,705.099,662.546,747.482
58,92,90.9998,135,86,24.6061,705.642,677.121,734.992
58,92,90.9998,2018,62,14.4929,706.362,677.728,736.258
58,92,90.9998,2201,95,12.4434,706.575,676.165,738.757
58,92,90.9998,1250,130,139.98,707.047,662.866,751.075
58,92,90.9998,1010,79,77.485,708.755,675.683,743.072
58,92,90.9998,1021,151,177.653,711.706,667.974,755.27
58,92,90.9998,124,61,78.9575,712.996,694.575,728.628
58,92,90.9998,2,77,90.1399,713.428,676.615,750.784
58,92,90.9998,67,79,62.8579,715.59,679.157,751.777
58,92,90.9998,37,100,95.9547,715.816,676.948,754.585
58,92,90.9998,2011,107,106.13,715.868,677.131,754.51
58,92,90.9998,2015,141,160.75,716.758,672.667,760.649
58,92,90.9998,2037,57,48.9078,717.518,691.131,742.514
58,92,90.9998,49,77,40.8923,717.805,681.792,754.577
58,92,90.9998,1022,172,181.372,720.127,676.295,763.792
58,92,90.9998,1212,87,116.214,723.283,695.197,752.386
58,92,90.9998,2047,165,180.655,723.36,679.45,767.105
58,92,90.9998,1011,123,109.414,730.111,691.138,768.972
58,92,90.9998,1023,186,179.018,732.404,688.702,775.932
58,92,90.9998,1024,178,120.147,733.748,690.147,777.173
58,92,90.9998,128,127,2.76603,737.336,706.924,769.485
58,92,90.9998,38,77,73.8924,738.95,706.195,773.045
58,92,90.9998,126,83,104.017,744.306,717.065,771.851
58,92,90.9998,2203,79,27.3754,745.506,716.497,774.149
58,92,90.9998,1237,93,19.4297,746.155,708.663,784.736
58,92,90.9998,65,105,109.551,746.319,701.978,790.51
58,92,90.9998,2013,132,108.832,753.606,714.153,792.921
58,92,90.9998,2180,25,19.113,754.862,745.506,763.456
58,92,90.9998,2042,33,19.3351,757.876,742.894,772.008
58,92,90.9998,1012,259,187.975,760.908,721.221,800.449
58,92,90.9998,2193,65,85.8,761.738,740.247,780.936
58,92,90.9998,1211,73,95.4135,763.257,739.437,785.779
58,92,90.9998,127,68,87.222,768.832,745.897,789.836
58,92,90.9998,2016,138,126.057,771.088,726.786,815.235
58,92,90.9998,1249,134,121.683,773.159,729.212,816.934
58,92,90.9998,2198,25,33.4478,773.456,764.531,781.575
58,92,90.9998,2000,115,44.0703,774.548,736.913,813.243
58,92,90.9998,2012,157,76.3417,776.254,736.58,815.772
58,92,90.9998,1013,152,78.9143,776.679,737.126,816.077
58,92,90.9998,2204,10,6.71942,777.097,773.249,780.866
58,92,90.9998,1132,98,28.9944,780.559,743.128,819.067
58,92,90.9998,3,154,140.376,781.185,736.847,825.369
58,92,90.9998,2199,55,73.2849,781.433,762.552,797.337
58,92,90.9998,133,120,41.194,782.55,745.173,821.01
58,92,90.9998,1218,49,64.711,784.553,767.566,798.528
58,92,90.9998,1170,82,108.811,785.632,745.669,825.659
58,92,90.9998,39,114,49.0409,787.534,747.341,827.556
58,92,90.9998,1251,89,112.443,792.248,749.433,835.201
58,92,90.9998,2210,33,26.5459,802.768,787.523,817.263
58,92,90.9998,2014,149,116.162,808.494,764.778,852.025
58,92,90.9998,1252,124,161.53,809.644,765.204,854.251
58,92,90.9998,1134,69,48.0749,813.248,779.709,846.732
58,92,90.9998,1253,90,99.4156,823.248,782.22,864.717
58,92,90.9998,1016,77,21.8065,823.457,788.474,859.398
58,92,90.9998,1133,75,32.0392,825.029,788.491,861.685
58,92,90.9998,1254,86,95.447,825.765,786.458,865.252
58,92,90.9998,62,68,19.2831,830.117,797.045,863.259
58,92,90.9998,63,68,59.7769,834.495,801.427,867.576
58,92,90.9998,43,102,87.7225,839.703,795.68,883.549
58,92,90.9998,2019,105,83.8492,848.666,804.817,892.329
58,92,90.9998,2035,67,71.342,850.001,825.3,872.777
58,92,90.9998,1231,79,94.1369,850.368,820.942,879.363
58,92,90.9998,2021,116,96.3324,853.695,811.553,895.624
58,92,90.9998,129,75,82.151,854.525,827.533,880.298
58,92,90.9998,40,112,90.5245,855.752,813.486,897.805
58,92,90.9998,1169,54,22.9726,860.884,835.918,886.99
58,92,90.9998,2020,62,26.7532,861.276,832.343,891.32
58,92,90.9998,42,69,43.7469,862.465,830.172,895.78
58,92,90.9998,41,79,43.5242,864.673,827.898,902.119
58,92,90.9998,2022,92,46.9019,865.177,823.79,906.348
58,92,90.9998,1015,114,98.3528,867.416,825.168,909.448
58,92,90.9998,2023,58,39.0614,868.762,841.972,896.779
58,92,90.9998,1014,92,39.1817,869.555,828.142,910.752
58,92,90.9998,2024,55,27.2672,874.608,849.327,901.131
58,92,90.9998,2063,56,73.327,875.676,849.655,900.304
58,92,90.9998,1228,279,157.914,877.381,841.921,914.051
58,92,90.9998,1187,50,64.7586,881.407,858.129,903.218
58,92,90.9998,2064,186,136.818,881.728,846.464,918.216
58,92,90.9998,130,54,65.1273,882.621,861.969,900.555
58,92,90.9998,131,157,71.5215,883.816,848.413,920.43
58,92,90.9998,141,71,95.4279,889.924,857.053,922.056
58,92,90.9998,2033,51,68.2726,891.24,866.845,914.655
58,92,90.9998,1230,27,14.1489,891.573,880.725,901.604
58,92,90.9998,1110,166,193.831,894.865,850.852,939.129
58,92,90.9998,64,60,81.5978,897.466,868.708,925.48
58,92,90.9998,1239,73,34.6338,899.521,872.355,925.445
58,92,90.9998,1232,49,23.1111,899.874,878.902,918.636
58,92,90.9998,1229,185,62.1959,902.063,867.268,938.11
58,92,90.9998,2059,123,158.238,904.441,861.309,947.963
58,92,90.9998,2061,55,58.8113,906.052,880.034,930.918
58,92,90.9998,1186,125,164.161,907.051,863.862,950.622
58,92,90.9998,1109,123,156.543,911.208,867.771,954.99
58,92,90.9998,83,75,95.5201,915.845,881.227,949.943
58,92,90.9998,2060,59,80.7615,917.252,888.994,944.718
58,92,90.9998,132,81,38.086,920.17,888.611,951.528
58,92,90.9998,2031,78,93.4384,922.377,886.038,958.412
58,92,90.9998,1226,192,63.4509,924.38,888.81,961.127
58,92,90.9998,1103,83,111.287,929.067,889.17,968.959
58,92,90.9998,82,58,65.2609,929.73,902.798,955.322
58,92,90.9998,1227,177,63.4253,939.974,904.517,976.608
58,92,90.9998,1243,90,107.724,947.244,906.5,988.44
58,92,90.9998,137,120,19.1598,950.256,913.986,987.63
58,92,90.9998,2067,64,24.4979,951.758,925.304,976.355
58,92,90.9998,1238,137,44.8957,966.841,931.26,1003.58
58,92,90.9998,2058,75,17.325,969.633,939.363,999
58,92,90.9998,2065,65,17.0933,970.659,944.628,994.78
58,92,90.9998,139,57,21.616,998.325,975.349,1018.88
58,92,90.9998,2066,51,24.1609,1046.03,1024.81,1064.84
58,92,90.9998,138,52,21.6096,1046.11,1024.5,1065.3
